word,count,band
die,1306,f7
in,766,f7
der,739,f7
und,656,f7
ist,635,f7
das,549,f7
den,316,f7
nicht,279,f7
zu,166,f7
ich,109,f7
.die,2,f7
ist•,1,f7

hat,441,f6
von,433,f6
sie,414,f6
ein,377,f6
eine,316,f6
es,305,f6
sind,288,f6
zum,281,f6
für,277,f6
haben,268,f6
mit,268,f6
diese,222,f6
auch,210,f6
dem,208,f6
bei,205,f6
im,199,f6
auf,183,f6
gibt,160,f6
aber,157,f6
aus,156,f6
war,154,f6
dann,147,f6
sich,125,f6
können,123,f6
mehr,120,f6
wie,119,f6
wir,118,f6
sehr,109,f6
über,109,f6
werden,106,f6
gegen,95,f6
oder,92,f6
viel,92,f6
einem,89,f6
was,89,f6
an,87,f6
nach,87,f6
noch,81,f6
so,80,f6
am,79,f6
jetzt,78,f6
einer,77,f6
man,76,f6
keine,75,f6
einen,74,f6
immer,71,f6
kann,71,f6
vor,70,f6
muss,69,f6
er,67,f6
ihre,65,f6
alle,58,f6
nur,57,f6
wenn,55,f6
hier,53,f6
wird,51,f6
als,49,f6
dieser,47,f6
gut,46,f6
dass,38,f6
schon,38,f6
wieder,38,f6
geht,37,f6
vom,35,f6
um,33,f6
also,32,f6
durch,32,f6
wurde,32,f6
zur,30,f6
bis,29,f6
sein,28,f6
mal,21,f6
habe,20,f6
ihr,20,f6
mich,17,f6
uns,17,f6
mir,16,f6
doch,11,f6
alles,10,f6

menschen,454,f5
viele,297,f5
deshalb,219,f5
beispiel,208,f5
deutschland,137,f5
gesagt,108,f5
oft,90,f5
frauen,84,f5
polizei,83,f5
hamburg,82,f5
heißt,82,f5
wollen,76,f5
müssen,72,f5
nämlich,72,f5
machen,71,f5
deutsche,69,f5
mann,69,f5
spiel,67,f5
will,64,f5
neue,63,f5
sagt,62,f5
diesen,61,f5
einige,61,f5
soll,58,f5
warum,58,f5
andere,57,f5
frau,57,f5
geld,57,f5
sollen,57,f5
waren,56,f5
beim,54,f5
jahr,54,f5
anderen,50,f5
spieler,50,f5
kommen,49,f5
diesem,48,f5
vielleicht,47,f5
gemacht,45,f5
sagen,44,f5
denn,43,f5
jahre,42,f5
arbeit,41,f5
dabei,40,f5
dort,39,f5
bekommen,38,f5
neuen,37,f5
spielen,37,f5
arbeiten,36,f5
dafür,36,f5
dürfen,36,f5
politik,36,f5
weniger,35,f5
bald,34,f5
vielen,34,f5
dazu,33,f5
macht,32,f5
wissen,32,f5
deutschen,31,f5
fahren,31,f5
firma,30,f5
stadt,30,f5
weiter,30,f5
welche,30,f5
jahren,29,f5
mädchen,29,f5
bedeutet,28,f5
mutter,28,f5
wer,28,f5
männer,27,f5
passiert,27,f5
regierung,27,f5
wahl,27,f5
wenig,27,f5
darf,26,f5
europa,26,f5
kommt,26,f5
land,26,f5
wichtig,26,f5
finden,25,f5
mensch,25,f5
auto,24,f5
bekommt,24,f5
findet,24,f5
schlecht,24,f5
alt,23,f5
etwas,23,f5
heute,23,f5
kein,23,f5
seit,23,f5
spd,23,f5
steht,23,f5
ab,22,f5
berlin,22,f5
besser,22,f5
geben,22,f5
große,22,f5
gruppe,22,f5
ihrer,22,f5
dieses,21,f5
eltern,21,f5
kirche,21,f5
lange,21,f5
mai,21,f5
schnell,21,f5
schwer,21,f5
sonntag,21,f5
sprechen,21,f5
thema,21,f5
wahrscheinlich,21,f5
dinge,20,f5
leicht,20,f5
musik,20,f5
cdu,19,f5
gab,19,f5
ihren,19,f5
konnten,19,f5
mehrere,19,f5
mitarbeiter,19,f5
ohne,19,f5
selbst,19,f5
verschiedene,19,f5
zeit,19,f5
erst,18,f5
frankreich,18,f5
fußball,18,f5
leben,18,f5
problem,18,f5
wurden,18,f5
darüber,17,f5
eu,17,f5
euro,17,f5
großen,17,f5
gute,17,f5
ins,17,f5
neuer,17,f5
partei,17,f5
wasser,17,f5
wo,17,f5
alte,16,f5
fragen,16,f5
gehört,16,f5
junge,16,f5
kinder,16,f5
teil,16,f5
woche,16,f5
wollte,16,f5
zusammen,16,f5
außerdem,15,f5
damit,15,f5
gehören,15,f5
informationen,15,f5
manche,15,f5
spiele,15,f5
spricht,15,f5
afd,14,f5
beispiel:•,14,f5
bilder,14,f5
bleiben,14,f5
brauchen,14,f5
ganz,14,f5
gilt,14,f5
lang,14,f5
sehen,14,f5
tag,14,f5
weil,14,f5
zeigen,14,f5
anders,13,f5
angst,13,f5
gehen,13,f5
konnte,13,f5
manchmal,13,f5
medien,13,f5
millionen,13,f5
sorgen,13,f5
unternehmen,13,f5
bild,12,f5
einsatz,12,f5
haus,12,f5
körper,12,f5
leute,12,f5
mitglieder,12,f5
schule,12,f5
sogar,12,f5
tun,12,f5
unsere,12,f5
anderes,11,f5
bisher,11,f5
danach,11,f5
denken,11,f5
grund,11,f5
oktober,11,f5
sollte,11,f5
sprache,11,f5
tochter,11,f5
wahl-recht,11,f5
zeigt,11,f5
zwischen,11,f5
bahn,10,f5
besonders,10,f5
dagegen,10,f5
ersten,10,f5
gefunden,10,f5
genau,10,f5
halten,10,f5
helfen,10,f5
hilfe,10,f5
keinen,10,f5
laufen,10,f5
lernen,10,f5
meisten,10,f5
nichts,10,f5
nähe,10,f5
ort,10,f5
peter,10,f5
spielt,10,f5
treffen,10,f5
wort,10,f5
braucht,9,f5
deutsch,9,f5
einfach,9,f5
ende,9,f5
essen,9,f5
fertig,9,f5
foto,9,f5
genug,9,f5
gewinnen,9,f5
jedes,9,f5
möchte,9,f5
nehmen,9,f5
neu,9,f5
nun,9,f5
sieht,9,f5
statt,9,f5
trotzdem,9,f5
wohnung,9,f5
zukunft,9,f5
allem,8,f5
bad,8,f5
besten,8,f5
einigen,8,f5
fall,8,f5
fest,8,f5
gar,8,f5
gemeinsam,8,f5
geschrieben,8,f5
geworden,8,f5
internet,8,f5
jeden,8,f5
jeder,8,f5
kind,8,f5
könnte,8,f5
lesen,8,f5
minuten,8,f5
nachrichten,8,f5
ob,8,f5
setzen,8,f5
sicher,8,f5
sicherheit,8,f5
stark,8,f5
vater,8,f5
boden,7,f5
daran,7,f5
daten,7,f5
fast,7,f5
fehler,7,f5
gekommen,7,f5
gerade,7,f5
gesehen,7,f5
gesellschaft,7,f5
glauben,7,f5
hatten,7,f5
ihrem,7,f5
kennen,7,f5
kritik,7,f5
kurz,7,f5
luft,7,f5
mein,7,f5
november,7,f5
nächsten,7,f5
person,7,f5
probleme,7,f5
reden,7,f5
stehen,7,f5
stellen,7,f5
straße,7,f5
verein,7,f5
verloren,7,f5
wochen,7,f5
a,6,f5
april,6,f5
bereits,6,f5
berliner,6,f5
denen,6,f5
entscheidung,6,f5
falsch,6,f5
führt,6,f5
ganzen,6,f5
gegeben,6,f5
ging,6,f5
groß,6,f5
großer,6,f5
kleine,6,f5
kosten,6,f5
moment,6,f5
nie,6,f5
nutzen,6,f5
paar,6,f5
platz,6,f5
preis,6,f5
richtig,6,f5
sagte,6,f5
schreiben,6,f5
seinen,6,f5
sex,6,f5
sollten,6,f5
stunden,6,f5
weitere,6,f5
welt,6,f5
zahlen,6,f5
ziel,6,f5
zurück,6,f5
mannschaft,82,f4
flüchtlinge,62,f4
politiker,56,f4
feuer,52,f4
tor,44,f4
behinderung,37,f4
gericht,32,f4
parteien,31,f4
wm,31,f4
niedersachsen,30,f4
rechte,30,f4
schleswig-holstein,29,f4
autos,27,f4
wählen,27,f4
lkw,26,f4
gefahren,25,f4
mannschaften,24,f4
unfall,23,f4
verletzt,23,f4
wichtige,23,f4
berichten,21,f4
facebook,20,f4
schweden,20,f4
sturm,20,f4
züge,20,f4
bombe,19,f4
gewalt,19,f4
horst,19,f4
mexiko,19,f4
nennt,19,f4
seehofer,19,f4
tore,19,f4
fans,18,f4
feuerwehr,18,f4
kiel,18,f4
plan,18,f4
schießt,18,f4
zucker,18,f4
besondere,17,f4
bremen,17,f4
csu,17,f4
gewinnt,17,f4
themen,17,f4
ärzte,17,f4
aktuell,16,f4
baby,16,f4
bezahlen,16,f4
nord,16,f4
stream,16,f4
tests,16,f4
ändern,16,f4
aktion,15,f4
arbeitet,15,f4
ausbildung,15,f4
buch-messe,15,f4
firmen,15,f4
hannover,15,f4
helmut,15,f4
häuser,15,f4
infos,15,f4
krank,15,f4
lehrer,15,f4
olympischen,15,f4
prozess,15,f4
sachsen,15,f4
texte,15,f4
wald,15,f4
wohnungen,15,f4
zug,15,f4
christian,14,f4
europa-wahl,14,f4
flüchtlingen,14,f4
gesetz,14,f4
grünen,14,f4
schmidt,14,f4
straßen,14,f4
aufgaben,13,f4
besonderes,13,f4
brücke,13,f4
eier,13,f4
entscheiden,13,f4
fotos,13,f4
großes,13,f4
kaputt,13,f4
krankheiten,13,f4
wenige,13,f4
ball,12,f4
bauen,12,f4
berichtet,12,f4
brandenburg,12,f4
dauert,12,f4
gefährlich,12,f4
gefängnis,12,f4
geschossen,12,f4
museum,12,f4
parlament,12,f4
polizisten,12,f4
public,12,f4
rassismus,12,f4
roboter,12,f4
rostock,12,f4
schiff,12,f4
schulen,12,f4
spanien,12,f4
streit,12,f4
wollten,12,f4
öfter,12,f4
anfrage,11,f4
besucher,11,f4
betreuung,11,f4
bäume,11,f4
kartoffeln,11,f4
mussten,11,f4
regeln,11,f4
sportler,11,f4
städten,11,f4
tiere,11,f4
unterstützen,11,f4
veranstaltungen,11,f4
verlassen,11,f4
beruf,10,f4
chef,10,f4
eu-länder,10,f4
fahrer,10,f4
fordern,10,f4
gemeinden,10,f4
gesprochen,10,f4
getränke,10,f4
gruppen,10,f4
hilft,10,f4
journalisten,10,f4
klima-schutz,10,f4
lkw-fahrer,10,f4
meinungen,10,f4
moschee,10,f4
nazis,10,f4
pflege,10,f4
protest,10,f4
veröffentlicht,10,f4
wichtiges,10,f4
wolfsburg,10,f4
zeitung,10,f4
älteren,10,f4
arbeiter,9,f4
belgien,9,f4
entschieden,9,f4
facebook-profil,9,f4
familien,9,f4
gefragt,9,f4
getötet,9,f4
gewählt,9,f4
häusern,9,f4
leichte,9,f4
löschen,9,f4
mitarbeitern,9,f4
nordrhein-westfalen,9,f4
rauch,9,f4
wahlen,9,f4
zuerst,9,f4
ältere,9,f4
andreas,8,f4
braun-kohle,8,f4
bundesland,8,f4
bücher,8,f4
chancen,8,f4
claudia,8,f4
co2,8,f4
energie-konzern,8,f4
england,8,f4
flugzeuge,8,f4
gesperrt,8,f4
gestorben,8,f4
kroatien,8,f4
linke,8,f4
ländern,8,f4
minute,8,f4
nutzer,8,f4
pflege-kräfte,8,f4
polizei-einsatz,8,f4
schießen,8,f4
stadion,8,f4
strafe,8,f4
tsv,8,f4
turm,8,f4
twitter,8,f4
veranstaltung,8,f4
verdienen,8,f4
verhindern,8,f4
vermieter,8,f4
vertrag,8,f4
vw,8,f4
wichtigen,8,f4
wohnen,8,f4
asyl,7,f4
bauern,7,f4
beginnt,7,f4
bestimmte,7,f4
bundesliga,7,f4
bundestag,7,f4
drogen,7,f4
familien-mitglieder,7,f4
forscher,7,f4
freuen,7,f4
getan,7,f4
gewerkschaften,7,f4
gewonnen,7,f4
halle,7,f4
heißen,7,f4
helfer,7,f4
interessen,7,f4
klima,7,f4
kümmern,7,f4
leipzig,7,f4
manuel,7,f4
mehreren,7,f4
party,7,f4
robert,7,f4
schneller,7,f4
schüler,7,f4
selten,7,f4
sender,7,f4
sieg,7,f4
städte,7,f4
text,7,f4
trinken,7,f4
unterschiedliche,7,f4
verkauft,7,f4
vertreten,7,f4
verwenden,7,f4
video-beweis,7,f4
voller,7,f4
wand,7,f4
ziele,7,f4
alleine,6,f4
baden,6,f4
bau,6,f4
bessere,6,f4
bezahlt,6,f4
bundeswehr,6,f4
durften,6,f4
erben,6,f4
erde,6,f4
ermittelt,6,f4
erstmal,6,f4
erzählt,6,f4
fallen,6,f4
fehlen,6,f4
flughafen,6,f4
fährt,6,f4
gearbeitet,6,f4
gebäude,6,f4
gefällt,6,f4
größer,6,f4
ideen,6,f4
ig,6,f4
inklusive,6,f4
kindern,6,f4
klima-wandel,6,f4
luther,6,f4
länder,6,f4
martin,6,f4
metall,6,f4
mitmachen,6,f4
männern,6,f4
radio,6,f4
republik,6,f4
rufen,6,f4
schiffe,6,f4
schwerer,6,f4
schwierig,6,f4
spielern,6,f4
spät,6,f4
sterben,6,f4
strom,6,f4
tanzen,6,f4
trainer,6,f4
trifft,6,f4
vergangenen,6,f4
verliert,6,f4
veröffentlichen,6,f4
wetter,6,f4
wm-finale,6,f4
zieht,6,f4
öffnen,6,f4
alltag,5,f4
auftrag,5,f4
bakterien,5,f4
baum-häusern,5,f4
baut,5,f4
benutzen,5,f4
benutzt,5,f4
besuchen,5,f4
bilden,5,f4
bundes-land,5,f4
eintritt,5,f4
elektronische,5,f4
englisch,5,f4
entscheidet,5,f4
erleben,5,f4
fifa,5,f4
forderungen,5,f4
fragte,5,f4
freiwillig,5,f4
fußball-spielen,5,f4
fußball-wm,5,f4
fähigkeiten,5,f4
gebaut,5,f4
gegner,5,f4
gekämpft,5,f4
gerecht,5,f4
gerufen,5,f4
geschafft,5,f4
gesetze,5,f4
gestellt,5,f4
gesucht,5,f4
getroffen,5,f4
gewerkschaft,5,f4
grenzen,5,f4
großbritannien,5,f4
gucken,5,f4
halbzeit,5,f4
hofft,5,f4
holstein,5,f4
kirchen,5,f4
klein,5,f4
kranke,5,f4
kämpfen,5,f4
lautet,5,f4
leichter,5,f4
leser,5,f4
meistens,5,f4
messer,5,f4
muslime,5,f4
politikern,5,f4
programm,5,f4
räume,5,f4
schade,5,f4
schließen,5,f4
schutz,5,f4
schutz-status,5,f4
schwangerschaft,5,f4
schwimmen,5,f4
sitzen,5,f4
sprecher,5,f4
stärker,5,f4
supermarkt,5,f4
trocken,5,f4
turnier,5,f4
u-bahn,5,f4
umwelt,5,f4
ungefähr,5,f4
urlaub,5,f4
verboten,5,f4
verdient,5,f4
verfolgung,5,f4
verkaufen,5,f4
verstorbenen,5,f4
verurteilt,5,f4
verändert,5,f4
vfl,5,f4
waschen,5,f4
wehren,5,f4
welchen,5,f4
werbung,5,f4
wichtiger,5,f4
wind,5,f4
wohnt,5,f4
wähler,5,f4
zeitschriften,5,f4
zerstört,5,f4
zoo,5,f4
übersetzt,5,f4

behinderungen,64,f3
taz,64,f3
pille,25,f3
keime,24,f3
demonstrationen,22,f3
fähre,20,f3
nachspielzeit,16,f3
südkorea,16,f3
abkürzung,15,f3
scholz,15,f3
greta,14,f3
hambacher,14,f3
inklusion,14,f3
kieler,14,f3
olaf,14,f3
specht,14,f3
►,14,f3
beton,13,f3
forst,13,f3
verlage,13,f3
berufs-ausbildung,12,f3
hühner,12,f3
katrin,12,f3
masern,12,f3
rbb,12,f3
rbb-rundfunk-rat,12,f3
viewing,12,f3
vorurteile,12,f3
antibiotika,11,f3
bücherei,11,f3
moor,11,f3
peta,11,f3
reparatur,11,f3
seen,11,f3
lab,10,f3
plastik-müll,10,f3
schiedsrichter,10,f3
●,10,f3
abgase,9,f3
christof,9,f3
hannover-burgdorf,9,f3
metzler,9,f3
seelische,9,f3
a1,8,f3
arbeits-gruppe,8,f3
franziska,8,f3
hühnern,8,f3
mecklenburg-vorpommern,8,f3
mexikos,8,f3
protestieren,8,f3
quer-einsteiger,8,f3
rollstuhl,8,f3
schwedische,8,f3
süß-stoffe,8,f3
werft,8,f3
dhb-pokal,7,f3
döner,7,f3
fachleute,7,f3
gebrannt,7,f3
habeck,7,f3
kaputten,7,f3
käfig-haltung,7,f3
masern-schutz-impfung,7,f3
medikament,7,f3
see-not-retter,7,f3
seelischen,7,f3
affe,6,f3
auszubildende,6,f3
boote,6,f3
coca-cola,6,f3
disco,6,f3
formular,6,f3
geregnet,6,f3
hanna,6,f3
katalonien,6,f3
kristina,6,f3
lebenshilfe,6,f3
münze,6,f3
plastik-attacke,6,f3
repariert,6,f3
rundfunk-rat,6,f3
schwer-behinderten-vertreter,6,f3
torwart,6,f3
unwetter,6,f3
voß,6,f3
a2,5,f3
abbrechen,5,f3
beleidigungen,5,f3
betreuer,5,f3
cannabis-pflanzen,5,f3
durchsucht,5,f3
emsland,5,f3
flüchtlings-politik,5,f3
freistoß,5,f3
gerichts-urteil,5,f3
getränken,5,f3
gleich-berechtigung,5,f3
investor,5,f3
jogi,5,f3
löw,5,f3
maurer,5,f3
meißner,5,f3
mv,5,f3
partys,5,f3
pauli,5,f3
pipeline,5,f3
politikerinnen,5,f3
protestiert,5,f3
scheidet,5,f3
schutz-impfungen,5,f3
schwer-behinderten-vertretung,5,f3
taz-autorin,5,f3
triathlon,5,f3
weimarer,5,f3
ärztin,5,f3
carles,25,f2
puigdemont,25,f2
hsh,19,f2
büchereien,17,f2
migrations-hintergrund,17,f2
kul,15,f2
baris,14,f2
freibäder,14,f2
koalitions-vertrag,13,f2
familien-nachzug,10,f2
peene-werft,10,f2
schwangerschafts-abbrüche,10,f2
annalena,9,f2
baerbock,9,f2
peiffer,9,f2
arnd,8,f2
paragrafen,8,f2
dressel,7,f2
oldesloe,7,f2
pirinçci,6,f2
verbotenes,6,f2
widerstandsfähige,6,f2
wolgast,6,f2
ärztinnen,6,f2
kappert-gonther,11,f1
tschentscher,11,f1
langensiepen,10,f1
verhütungs-mittel,8,f1
buntenbach,5,f1
219a,4,f1
birkel,4,f1
friesacher,4,f1
schlagermove,4,f1
guha,3,f1
jaris,3,f1
kylian,3,f1
lanzendörfer,3,f1
methling,3,f1
mitbezahlen,3,f1
seddig,3,f1
umgeweht,3,f1
akrap,2,f1
berührungs-ängste,2,f1
gretas,2,f1
kapernaum-kirche,2,f1
nichtin,2,f1
oststeinbek,2,f1
schwangerschafts-abbrüchen,2,f1
spaceship,2,f1
.,3493,oov
:,669,oov
?,370,oov
",",338,oov
•,150,oov
"""",117,oov
2,76,oov
!,44,oov
3,37,oov
1.,36,oov
fach·leute,22,oov
nord·bank,19,oov
bürger·meister,17,oov
4,16,oov
nord·deutschland,16,oov
feier·tag,13,oov
geld·transporter,13,oov
polizei·schule,13,oov
segel·schiff,13,oov
7,12,oov
bundes·garten·schau,12,oov
kreuz·fahrt·schiff,12,oov
park·haus,12,oov
2018,11,oov
30,11,oov
5,11,oov
31.,10,oov
arbeit·geber,10,oov
blau·algen,10,oov
chodzinski,10,oov
100,9,oov
2019,8,oov
ehe·paar,8,oov
kampf·hund,8,oov
start·bahn,8,oov
wind·kraft·anlage,8,oov
1,7,oov
10,7,oov
50,7,oov
auto·firmen,7,oov
bau·arbeiten,7,oov
kranken·haus,7,oov
wohn·haus,7,oov
2.,6,oov
25,6,oov
6.,6,oov
auto·fahrt,6,oov
kurz·arbeit,6,oov
stadt·teil,6,oov
12,5,oov
12.,5,oov
16,5,oov
19,5,oov
20,5,oov
bundes·ländern,5,oov
fußball·spiel,5,oov
haupt·stadt,5,oov
kommunal·wahl,5,oov
presse·konferenz,5,oov
regierungs·erklärung,5,oov
sozial·behörde,5,oov
/,4,oov
1995,4,oov
24,4,oov
26.,4,oov
37,4,oov
5.,4,oov
90,4,oov
bundes·wehr,4,oov
elektro·industrie,4,oov
finanz·minister,4,oov
gefrier·schrank,4,oov
hierse,4,oov
musafiri,4,oov
schiffs·taufe,4,oov
wetter·dienst,4,oov
windkraft·anlage,4,oov
winter·garten,4,oov
wohn·mobil,4,oov
wähler·gruppe,4,oov
(,3,oov
),3,oov
15,3,oov
18,3,oov
1918,3,oov
1919,3,oov
2015,3,oov
21,3,oov
24.,3,oov
48,3,oov
6,3,oov
60,3,oov
8,3,oov
[,3,oov
],3,oov
bahn·höfen,3,oov
bürger·schaft,3,oov
fahr·zeiten,3,oov
feuerwehr·leute,3,oov
feuerwehr·mann,3,oov
flüchtlingeviele,3,oov
gold·schmuck,3,oov
hamburgin,3,oov
hirving,3,oov
kampf·hunde,3,oov
last·wagen,3,oov
relegations·spiel,3,oov
schad·stoffe,3,oov
segel·regatten,3,oov
sozial·demokratische,3,oov
spd.spd,3,oov
sujoy,3,oov
wahl·benachrichtigung,3,oov
wind·rad,3,oov
zug·strecken,3,oov
zurück·bezahlen,3,oov